{
    "rnn_lstm": {
        "accuracy": 0.8544399738311768
    },
    "bilstm": {
        "accuracy": 0.8418400287628174
    },
    "cnn": {
        "accuracy": 0.8483999967575073
    }
}