{
    "rnn_lstm": {
        "accuracy": 0.8506399989128113
    },
    "bilstm": {
        "accuracy": 0.8457599878311157
    },
    "cnn": {
        "accuracy": 0.8352400064468384
    }
}