{
    "rnn_lstm": {
        "accuracy": 0.8511199951171875
    },
    "bilstm": {
        "accuracy": 0.8398799896240234
    },
    "cnn": {
        "accuracy": 0.8537600040435791
    }
}