{
    "logistic_regression": {
        "accuracy": 0.87688,
        "precision": 0.8765185421994884,
        "recall": 0.87736,
        "f1": 0.8769390692467616
    },
    "naive_bayes": {
        "accuracy": 0.83152,
        "precision": 0.8634450096474303,
        "recall": 0.7876,
        "f1": 0.8237804367835327
    },
    "svm": {
        "accuracy": 0.86412,
        "precision": 0.8747632770687526,
        "recall": 0.84992,
        "f1": 0.862162710488943
    }
}