{
    "logistic_regression": {
        "accuracy": 0.872,
        "precision": 0.87217864574996,
        "recall": 0.87176,
        "f1": 0.8719692726254301
    },
    "naive_bayes": {
        "accuracy": 0.8548,
        "precision": 0.8852501737317582,
        "recall": 0.81528,
        "f1": 0.8488255872063968
    },
    "svm": {
        "accuracy": 0.8862,
        "precision": 0.8878444605125733,
        "recall": 0.88408,
        "f1": 0.8859582314506754
    }
}